<!-- [ Mirror metadata ] generatedAt: 1484919754451 -->
<!-- Generated screen file. Fill the id tags below with content with
which to populate your previewed layout. For a complete specification
of sample data, please see http://jimulabs.com/sample-data-specifications/ 

Valid attributes on <screen> tag: theme="@style/someTheme" inEditMode="false" overlay="@drawable/mockup" -->
<screen>
    <_content layout="@layout/buttons">
        <!-- ImageView Examples:
        <shadow src="@drawable/image_resource" />
        <shadow src="relative_path/image.jpg" /> -->
        <shadow />
        <!-- TextView Examples:
        <docNameText text="@string/string_resource" />
        <docNameText text="Text literal" textSize="14sp" /> -->
        <docNameText />
        <reader_title />
        <deleteLabel />
        <annotType />
        <reader_bottom_page_img1 />
        <reader_bottom_page_img2 />
        <info />
        <reader_home />
        <reader_home_txt />
        <reader_library />
        <reader_library_txt />
        <reader_download />
        <reader_download_txt />
        <pageNumber />
        <reader_preview_bar_divider />
    </_content>
</screen>
