<!-- [ Mirror metadata ] generatedAt: 1484919754459 -->
<!-- Generated screen file. Fill the id tags below with content with
which to populate your previewed layout. For a complete specification
of sample data, please see http://jimulabs.com/sample-data-specifications/ 

Valid attributes on <screen> tag: theme="@style/someTheme" inEditMode="false" overlay="@drawable/mockup" -->
<screen>
    <_content layout="@layout/content_detail_popup_layout">
        <!-- TextView Examples:
        <content_detail_progress_label text="@string/string_resource" />
        <content_detail_progress_label text="Text literal" textSize="14sp" /> -->
        <content_detail_progress_label />
        <content_detail_name_label />
        <content_detail_detail_label />
        <content_detail_month_label />
        <!-- ImageView Examples:
        <content_detail_image src="@drawable/image_resource" />
        <content_detail_image src="relative_path/image.jpg" /> -->
        <content_detail_image />
    </_content>
</screen>
