<!-- [ Mirror metadata ] generatedAt: 1484919754936 -->
<!-- Generated screen file. Fill the id tags below with content with
which to populate your previewed layout. For a complete specification
of sample data, please see http://jimulabs.com/sample-data-specifications/ 

Valid attributes on <screen> tag: theme="@style/someTheme" inEditMode="false" overlay="@drawable/mockup" -->
<screen>
    <_content layout="@layout/dropdown_item">
        <!-- TextView Examples:
        <dropdown_label text="@string/string_resource" />
        <dropdown_label text="Text literal" textSize="14sp" /> -->
        <dropdown_label />
        <dropdown_sublabel />
        <!-- ImageView Examples:
        <dropdown_icon src="@drawable/image_resource" />
        <dropdown_icon src="relative_path/image.jpg" /> -->
        <dropdown_icon />
    </_content>
</screen>
