<!-- [ Mirror metadata ] generatedAt: 1484919754783 -->
<!-- Generated screen file. Fill the id tags below with content with
which to populate your previewed layout. For a complete specification
of sample data, please see http://jimulabs.com/sample-data-specifications/ 

Valid attributes on <screen> tag: theme="@style/someTheme" inEditMode="false" overlay="@drawable/mockup" -->
<screen>
    <_content layout="@layout/grid_cell">
        <!-- ImageView Examples:
        <coverImage src="@drawable/image_resource" />
        <coverImage src="relative_path/image.jpg" /> -->
        <coverImage />
        <grid_download_overlay />
        <!-- TextView Examples:
        <nameLabel text="@string/string_resource" />
        <nameLabel text="Text literal" textSize="14sp" /> -->
        <nameLabel />
        <detailLabel />
        <monthLabel />
    </_content>
</screen>
