<!-- [ Mirror metadata ] generatedAt: 1484919754543 -->
<!-- Generated screen file. Fill the id tags below with content with
which to populate your previewed layout. For a complete specification
of sample data, please see http://jimulabs.com/sample-data-specifications/ 

Valid attributes on <screen> tag: theme="@style/someTheme" inEditMode="false" overlay="@drawable/mockup" -->
<screen>
    <_content layout="@layout/left_menu">
        <!-- ImageView Examples:
        <left_menu_app_icon src="@drawable/image_resource" />
        <left_menu_app_icon src="relative_path/image.jpg" /> -->
        <left_menu_app_icon />
        <!-- TextView Examples:
        <left_menu_category_text text="@string/string_resource" />
        <left_menu_category_text text="Text literal" textSize="14sp" /> -->
        <left_menu_category_text />
        <left_menu_categories_close />
        <left_menu_category_list>
            <items layout="@android:layout/simple_list_item_1" >
                <_item>
                    <text1>Dalmatian</text1>
                </_item>
                <_item>
                    <text1>Great Dane</text1>
                </_item>
                <_item>
                    <text1>Shi Tzu</text1>
                </_item>
                <_item>
                    <text1>Corgi</text1>
                </_item>
                <_item>
                    <text1>Labrador</text1>
                </_item>
                <_item>
                    <text1>Doberman</text1>
                </_item>
                <_item>
                    <text1>Chihuahua</text1>
                </_item>
            </items>
                </left_menu_category_list>
        <left_menu_membership_text />
        <left_menu_membership_close />
        <left_menu_membership_list>
            <items layout="@android:layout/simple_list_item_1" >
                <_item>
                    <text1>Vancouver</text1>
                </_item>
                <_item>
                    <text1>Cairo</text1>
                </_item>
                <_item>
                    <text1>New York</text1>
                </_item>
                <_item>
                    <text1>San Francisco</text1>
                </_item>
                <_item>
                    <text1>Seattle</text1>
                </_item>
                <_item>
                    <text1>Hong Kong</text1>
                </_item>
                <_item>
                    <text1>Tokyo</text1>
                </_item>
            </items>
                </left_menu_membership_list>
    </_content>
</screen>
