<!-- [ Mirror metadata ] generatedAt: 1484919754626 -->
<!-- Generated screen file. Fill the id tags below with content with
which to populate your previewed layout. For a complete specification
of sample data, please see http://jimulabs.com/sample-data-specifications/ 

Valid attributes on <screen> tag: theme="@style/someTheme" inEditMode="false" overlay="@drawable/mockup" -->
<screen>
    <_content layout="@layout/preview_pager_item_layout">
        <!-- ImageView Examples:
        <PreviewPageImageView src="@drawable/image_resource" />
        <PreviewPageImageView src="relative_path/image.jpg" /> -->
        <PreviewPageImageView />
        <!-- TextView Examples:
        <PreviewPageNumber text="@string/string_resource" />
        <PreviewPageNumber text="Text literal" textSize="14sp" /> -->
        <PreviewPageNumber />
        <reader_thumnail_divider />
    </_content>
</screen>
